Area of park,Population year,Survey Year,Survey Month,Survey Day,Species name,Unknown age and sex count,Adult male count,Adult female count,Adult unknown count,Yearling count,Calf count,Survey total,Sightability correction factor,Additional captive count,Animals removed prior to survey,Fall population estimate,Survey comment,Estimate method
North,1905,NA,NA,NA,Elk,NA,NA,NA,NA,NA,NA,NA,NA,NA,NA,20,,Ground
North,1905,NA,NA,NA,Deer,NA,NA,NA,NA,NA,NA,NA,NA,NA,NA,35,,Ground
North,1905,NA,NA,NA,Moose,NA,NA,NA,NA,NA,NA,NA,NA,NA,NA,0,,Ground
North,1906,NA,NA,NA,Elk,NA,NA,NA,NA,NA,NA,NA,NA,NA,NA,24,,Ground
North,1906,NA,NA,NA,Bison,NA,NA,NA,NA,NA,NA,NA,NA,NA,NA,190,,Ground
North,1906,NA,NA,NA,Deer,NA,NA,NA,NA,NA,NA,NA,NA,NA,NA,35,,Ground
North,1906,NA,NA,NA,Moose,NA,NA,NA,NA,NA,NA,NA,NA,NA,NA,0,,Ground
North,1907,NA,NA,NA,Bison,NA,NA,NA,NA,NA,NA,NA,NA,NA,NA,411,,Ground
North,1907,NA,NA,NA,Deer,NA,NA,NA,NA,NA,NA,NA,NA,NA,NA,30,,Ground
North,1907,NA,NA,NA,Elk,NA,NA,NA,NA,NA,NA,NA,NA,NA,NA,24,,Ground
North,1907,NA,NA,NA,Moose,NA,NA,NA,NA,NA,NA,NA,NA,NA,NA,0,,Ground
North,1908,NA,NA,NA,Bison,NA,NA,NA,NA,NA,NA,NA,NA,NA,NA,426,,Ground
North,1908,NA,NA,NA,Elk,NA,NA,NA,NA,NA,NA,NA,NA,NA,NA,26,,Ground
North,1908,NA,NA,NA,Deer,NA,NA,NA,NA,NA,NA,NA,NA,NA,NA,30,,Ground
North,1908,NA,NA,NA,Moose,NA,NA,NA,NA,NA,NA,NA,NA,NA,NA,3,,Ground
North,1909,NA,NA,NA,Elk,NA,NA,NA,NA,NA,NA,NA,NA,NA,NA,30,,Ground
North,1909,NA,NA,NA,Bison,NA,NA,NA,NA,NA,NA,NA,NA,NA,NA,45,,Ground
North,1909,NA,NA,NA,Deer,NA,NA,NA,NA,NA,NA,NA,NA,NA,NA,54,,Ground
North,1909,NA,NA,NA,Moose,NA,NA,NA,NA,NA,NA,NA,NA,NA,NA,5,,Ground
North,1910,NA,NA,NA,Bison,NA,NA,NA,NA,NA,NA,NA,NA,NA,NA,48,,Ground
North,1910,NA,NA,NA,Elk,NA,NA,NA,NA,NA,NA,NA,NA,NA,NA,28,,Ground
North,1910,NA,NA,NA,Deer,NA,NA,NA,NA,NA,NA,NA,NA,NA,NA,45,,Ground
North,1910,NA,NA,NA,Moose,NA,NA,NA,NA,NA,NA,NA,NA,NA,NA,19,,Ground
North,1911,NA,NA,NA,Bison,NA,NA,NA,NA,NA,NA,NA,NA,NA,NA,60,,Ground
North,1911,NA,NA,NA,Elk,NA,NA,NA,NA,NA,NA,NA,NA,NA,NA,36,,Ground
North,1911,NA,NA,NA,Deer,NA,NA,NA,NA,NA,NA,NA,NA,NA,NA,60,,Ground
North,1911,NA,NA,NA,Moose,NA,NA,NA,NA,NA,NA,NA,NA,NA,NA,18,,Ground
North,1912,NA,NA,NA,Bison,NA,NA,NA,NA,NA,NA,NA,NA,NA,NA,71,,Ground
North,1912,NA,NA,NA,Elk,NA,NA,NA,NA,NA,NA,NA,NA,NA,NA,40,,Ground
North,1912,NA,NA,NA,Deer,NA,NA,NA,NA,NA,NA,NA,NA,NA,NA,52,,Ground
North,1912,NA,NA,NA,Moose,NA,NA,NA,NA,NA,NA,NA,NA,NA,NA,21,,Ground
North,1913,NA,NA,NA,Bison,NA,NA,NA,NA,NA,NA,NA,NA,NA,NA,82,,Ground
North,1913,NA,NA,NA,Elk,NA,NA,NA,NA,NA,NA,NA,NA,NA,NA,41,,Ground
North,1913,NA,NA,NA,Deer,NA,NA,NA,NA,NA,NA,NA,NA,NA,NA,80,,Ground
North,1913,NA,NA,NA,Moose,NA,NA,NA,NA,NA,NA,NA,NA,NA,NA,26,,Ground
North,1914,NA,NA,NA,Bison,NA,NA,NA,NA,NA,NA,NA,NA,NA,NA,100,,Ground
North,1914,NA,NA,NA,Elk,NA,NA,NA,NA,NA,NA,NA,NA,NA,NA,50,,Ground
North,1914,NA,NA,NA,Deer,NA,NA,NA,NA,NA,NA,NA,NA,NA,NA,90,,Ground
North,1914,NA,NA,NA,Moose,NA,NA,NA,NA,NA,NA,NA,NA,NA,NA,31,,Ground
North,1915,NA,NA,NA,Bison,NA,NA,NA,NA,NA,NA,NA,NA,NA,NA,106,,Ground
North,1915,NA,NA,NA,Elk,NA,NA,NA,NA,NA,NA,NA,NA,NA,NA,75,,Ground
North,1915,NA,NA,NA,Deer,NA,NA,NA,NA,NA,NA,NA,NA,NA,NA,100,,Ground
North,1915,NA,NA,NA,Moose,NA,NA,NA,NA,NA,NA,NA,NA,NA,NA,40,,Ground
North,1916,NA,NA,NA,Bison,NA,NA,NA,NA,NA,NA,NA,NA,NA,NA,134,,Ground
North,1916,NA,NA,NA,Elk,NA,NA,NA,NA,NA,NA,NA,NA,NA,NA,100,,Ground
North,1916,NA,NA,NA,Deer,NA,NA,NA,NA,NA,NA,NA,NA,NA,NA,111,,Ground
North,1916,NA,NA,NA,Moose,NA,NA,NA,NA,NA,NA,NA,NA,NA,NA,46,,Ground
North,1917,NA,NA,NA,Bison,NA,NA,NA,NA,NA,NA,NA,NA,NA,NA,151,,Ground
North,1917,NA,NA,NA,Elk,NA,NA,NA,NA,NA,NA,NA,NA,NA,NA,103,,Ground
North,1917,NA,NA,NA,Deer,NA,NA,NA,NA,NA,NA,NA,NA,NA,NA,115,,Ground
North,1917,NA,NA,NA,Moose,NA,NA,NA,NA,NA,NA,NA,NA,NA,NA,52,,Ground
North,1918,NA,NA,NA,Bison,NA,NA,NA,NA,NA,NA,NA,NA,NA,NA,195,,Ground
North,1918,NA,NA,NA,Elk,NA,NA,NA,NA,NA,NA,NA,NA,NA,NA,106,,Ground
North,1918,NA,NA,NA,Deer,NA,NA,NA,NA,NA,NA,NA,NA,NA,NA,125,,Ground
North,1918,NA,NA,NA,Moose,NA,NA,NA,NA,NA,NA,NA,NA,NA,NA,57,,Ground
North,1919,NA,NA,NA,Bison,NA,NA,NA,NA,NA,NA,NA,NA,NA,NA,202,,Ground
North,1919,NA,NA,NA,Elk,NA,NA,NA,NA,NA,NA,NA,NA,NA,NA,150,,Ground
North,1919,NA,NA,NA,Deer,NA,NA,NA,NA,NA,NA,NA,NA,NA,NA,150,,Ground
North,1919,NA,NA,NA,Moose,NA,NA,NA,NA,NA,NA,NA,NA,NA,NA,62,,Ground
North,1920,NA,NA,NA,Bison,NA,NA,NA,NA,NA,NA,NA,NA,NA,NA,230,,Ground
North,1920,NA,NA,NA,Elk,NA,NA,NA,NA,NA,NA,NA,NA,NA,NA,174,,Ground
North,1920,NA,NA,NA,Deer,NA,NA,NA,NA,NA,NA,NA,NA,NA,NA,150,,Ground
North,1920,NA,NA,NA,Moose,NA,NA,NA,NA,NA,NA,NA,NA,NA,NA,67,,Ground
North,1921,NA,NA,NA,Bison,NA,NA,NA,NA,NA,NA,NA,NA,NA,NA,270,,Ground
North,1921,NA,NA,NA,Elk,NA,NA,NA,NA,NA,NA,NA,NA,NA,NA,200,,Ground
North,1921,NA,NA,NA,Deer,NA,NA,NA,NA,NA,NA,NA,NA,NA,NA,155,,Ground
North,1921,NA,NA,NA,Moose,NA,NA,NA,NA,NA,NA,NA,NA,NA,NA,70,,Ground
North,1922,NA,NA,NA,Bison,NA,NA,NA,NA,NA,NA,NA,NA,NA,NA,292,,Ground
North,1922,NA,NA,NA,Elk,NA,NA,NA,NA,NA,NA,NA,NA,NA,NA,189,,Ground
North,1922,NA,NA,NA,Deer,NA,NA,NA,NA,NA,NA,NA,NA,NA,NA,158,,Ground
North,1922,NA,NA,NA,Moose,NA,NA,NA,NA,NA,NA,NA,NA,NA,NA,77,,Ground
North,1923,NA,NA,NA,Bison,NA,NA,NA,NA,NA,NA,NA,NA,NA,NA,320,,Ground
North,1923,NA,NA,NA,Elk,NA,NA,NA,NA,NA,NA,NA,NA,NA,NA,223,,Ground
North,1923,NA,NA,NA,Deer,NA,NA,NA,NA,NA,NA,NA,NA,NA,NA,300,,Ground
North,1923,NA,NA,NA,Moose,NA,NA,NA,NA,NA,NA,NA,NA,NA,NA,101,,Ground
North,1924,NA,NA,NA,Bison,NA,NA,NA,NA,NA,NA,NA,NA,NA,NA,404,,Ground
North,1924,NA,NA,NA,Elk,NA,NA,NA,NA,NA,NA,NA,NA,NA,NA,311,,Ground
North,1924,NA,NA,NA,Deer,NA,NA,NA,NA,NA,NA,NA,NA,NA,NA,294,,Ground
North,1924,NA,NA,NA,Moose,NA,NA,NA,NA,NA,NA,NA,NA,NA,NA,150,,Ground
North,1925,NA,NA,NA,Bison,NA,NA,NA,NA,NA,NA,NA,NA,NA,NA,469,,Ground
North,1925,NA,NA,NA,Elk,NA,NA,NA,NA,NA,NA,NA,NA,NA,NA,400,,Ground
North,1925,NA,NA,NA,Deer,NA,NA,NA,NA,NA,NA,NA,NA,NA,NA,292,,Ground
North,1925,NA,NA,NA,Moose,NA,NA,NA,NA,NA,NA,NA,NA,NA,NA,200,,Ground
North,1926,NA,NA,NA,Bison,NA,NA,NA,NA,NA,NA,NA,NA,NA,NA,550,,Ground
North,1926,NA,NA,NA,Elk,NA,NA,NA,NA,NA,NA,NA,NA,NA,NA,415,,Ground
North,1926,NA,NA,NA,Deer,NA,NA,NA,NA,NA,NA,NA,NA,NA,NA,288,,Ground
North,1926,NA,NA,NA,Moose,NA,NA,NA,NA,NA,NA,NA,NA,NA,NA,250,,Ground
North,1927,NA,NA,NA,Bison,NA,NA,NA,NA,NA,NA,NA,NA,NA,NA,729,,Ground
North,1927,NA,NA,NA,Elk,NA,NA,NA,NA,NA,NA,NA,NA,NA,NA,500,,Ground
North,1927,NA,NA,NA,Deer,NA,NA,NA,NA,NA,NA,NA,NA,NA,NA,200,,Ground
North,1927,NA,NA,NA,Moose,NA,NA,NA,NA,NA,NA,NA,NA,NA,NA,357,,Ground
North,1928,NA,NA,NA,Bison,NA,NA,NA,NA,NA,NA,NA,NA,NA,NA,823,,Ground
North,1928,NA,NA,NA,Elk,NA,NA,NA,NA,NA,NA,NA,NA,NA,NA,454,,Ground
North,1928,NA,NA,NA,Deer,NA,NA,NA,NA,NA,NA,NA,NA,NA,NA,200,,Ground
North,1928,NA,NA,NA,Moose,NA,NA,NA,NA,NA,NA,NA,NA,NA,NA,400,,Ground
North,1929,NA,NA,NA,Bison,NA,NA,NA,NA,NA,NA,NA,NA,NA,NA,716,,Ground
North,1929,NA,NA,NA,Elk,NA,NA,NA,NA,NA,NA,NA,NA,NA,NA,453,,Ground
North,1929,NA,NA,NA,Deer,NA,NA,NA,NA,NA,NA,NA,NA,NA,NA,199,,Ground
North,1929,NA,NA,NA,Moose,NA,NA,NA,NA,NA,NA,NA,NA,NA,NA,470,,Ground
North,1930,NA,NA,NA,Bison,NA,NA,NA,NA,NA,NA,NA,NA,NA,NA,863,,Ground
North,1930,NA,NA,NA,Elk,NA,NA,NA,NA,NA,NA,NA,NA,NA,NA,500,,Ground
North,1930,NA,NA,NA,Deer,NA,NA,NA,NA,NA,NA,NA,NA,NA,NA,220,,Ground
North,1930,NA,NA,NA,Moose,NA,NA,NA,NA,NA,NA,NA,NA,NA,NA,500,,Ground
North,1931,NA,NA,NA,Bison,NA,NA,NA,NA,NA,NA,NA,NA,NA,NA,1000,,Ground
North,1931,NA,NA,NA,Elk,NA,NA,NA,NA,NA,NA,NA,NA,NA,NA,467,,Ground
North,1931,NA,NA,NA,Deer,NA,NA,NA,NA,NA,NA,NA,NA,NA,NA,209,,Ground
North,1931,NA,NA,NA,Moose,NA,NA,NA,NA,NA,NA,NA,NA,NA,NA,550,,Ground
North,1932,NA,NA,NA,Bison,NA,NA,NA,NA,NA,NA,NA,NA,NA,NA,1340,,Ground
North,1932,NA,NA,NA,Elk,NA,NA,NA,NA,NA,NA,NA,NA,NA,NA,700,,Ground
North,1932,NA,NA,NA,Deer,NA,NA,NA,NA,NA,NA,NA,NA,NA,NA,219,,Ground
North,1932,NA,NA,NA,Moose,NA,NA,NA,NA,NA,NA,NA,NA,NA,NA,396,,Ground
North,1933,NA,NA,NA,Bison,NA,NA,NA,NA,NA,NA,NA,NA,NA,NA,1740,,Ground
North,1933,NA,NA,NA,Elk,NA,NA,NA,NA,NA,NA,NA,NA,NA,NA,1000,,Ground
North,1933,NA,NA,NA,Deer,NA,NA,NA,NA,NA,NA,NA,NA,NA,NA,232,,Ground
North,1933,NA,NA,NA,Moose,NA,NA,NA,NA,NA,NA,NA,NA,NA,NA,366,,Ground
North,1934,NA,NA,NA,Bison,NA,NA,NA,NA,NA,NA,NA,NA,NA,NA,2000,,Ground
North,1934,NA,NA,NA,Elk,NA,NA,NA,NA,NA,NA,NA,NA,NA,NA,1400,,Ground
North,1934,NA,NA,NA,Deer,NA,NA,NA,NA,NA,NA,NA,NA,NA,NA,246,,Ground
North,1934,NA,NA,NA,Moose,NA,NA,NA,NA,NA,NA,NA,NA,NA,NA,500,,Ground
North,1935,NA,NA,NA,Bison,NA,NA,NA,NA,NA,NA,NA,NA,NA,NA,2479,,Ground
North,1935,NA,NA,NA,Elk,NA,NA,NA,NA,NA,NA,NA,NA,NA,NA,1979,,Ground
North,1935,NA,NA,NA,Deer,NA,NA,NA,NA,NA,NA,NA,NA,NA,NA,261,,Ground
North,1935,NA,NA,NA,Moose,NA,NA,NA,NA,NA,NA,NA,NA,NA,NA,760,,Ground
North,1936,NA,NA,NA,Bison,NA,NA,NA,NA,NA,NA,NA,NA,NA,NA,2039,,Ground
North,1936,NA,NA,NA,Elk,NA,NA,NA,NA,NA,NA,NA,NA,NA,NA,1997,,Ground
North,1936,NA,NA,NA,Deer,NA,NA,NA,NA,NA,NA,NA,NA,NA,NA,260,,Ground
North,1936,NA,NA,NA,Moose,NA,NA,NA,NA,NA,NA,NA,NA,NA,NA,774,,Ground
North,1937,NA,NA,NA,Bison,NA,NA,NA,NA,NA,NA,NA,NA,NA,NA,2131,,Ground
North,1937,NA,NA,NA,Elk,NA,NA,NA,NA,NA,NA,NA,NA,NA,NA,1272,,Ground
North,1937,NA,NA,NA,Deer,NA,NA,NA,NA,NA,NA,NA,NA,NA,NA,27,,Ground
North,1937,NA,NA,NA,Moose,NA,NA,NA,NA,NA,NA,NA,NA,NA,NA,775,,Ground
North,1938,NA,NA,NA,Bison,NA,NA,NA,NA,NA,NA,NA,NA,NA,NA,1795,,Ground
North,1938,NA,NA,NA,Elk,NA,NA,NA,NA,NA,NA,NA,NA,NA,NA,574,,Ground
North,1938,NA,NA,NA,Deer,NA,NA,NA,NA,NA,NA,NA,NA,NA,NA,28,,Ground
North,1938,NA,NA,NA,Moose,NA,NA,NA,NA,NA,NA,NA,NA,NA,NA,439,,Ground
North,1939,NA,NA,NA,Bison,NA,NA,NA,NA,NA,NA,NA,NA,NA,NA,1104,,Ground
North,1939,NA,NA,NA,Elk,NA,NA,NA,NA,NA,NA,NA,NA,NA,NA,488,,Ground
North,1939,NA,NA,NA,Deer,NA,NA,NA,NA,NA,NA,NA,NA,NA,NA,25,,Ground
North,1939,NA,NA,NA,Moose,NA,NA,NA,NA,NA,NA,NA,NA,NA,NA,247,,Ground
North,1940,NA,NA,NA,Bison,NA,NA,NA,NA,NA,NA,NA,NA,NA,NA,1464,,Ground
North,1940,NA,NA,NA,Elk,NA,NA,NA,NA,NA,NA,NA,NA,NA,NA,532,,Ground
North,1940,NA,NA,NA,Deer,NA,NA,NA,NA,NA,NA,NA,NA,NA,NA,24,,Ground
North,1940,NA,NA,NA,Moose,NA,NA,NA,NA,NA,NA,NA,NA,NA,NA,123,,Ground
North,1941,NA,NA,NA,Bison,NA,NA,NA,NA,NA,NA,NA,NA,NA,NA,1624,,Ground
North,1941,NA,NA,NA,Elk,NA,NA,NA,NA,NA,NA,NA,NA,NA,NA,550,,Ground
North,1941,NA,NA,NA,Deer,NA,NA,NA,NA,NA,NA,NA,NA,NA,NA,22,,Ground
North,1941,NA,NA,NA,Moose,NA,NA,NA,NA,NA,NA,NA,NA,NA,NA,144,,Ground
North,1942,NA,NA,NA,Bison,NA,NA,NA,NA,NA,NA,NA,NA,NA,NA,1286,,Ground
North,1942,NA,NA,NA,Elk,NA,NA,NA,NA,NA,NA,NA,NA,NA,NA,631,,Ground
North,1942,NA,NA,NA,Deer,NA,NA,NA,NA,NA,NA,NA,NA,NA,NA,24,,Ground
North,1942,NA,NA,NA,Moose,NA,NA,NA,NA,NA,NA,NA,NA,NA,NA,190,,Ground
North,1943,NA,NA,NA,Bison,NA,NA,NA,NA,NA,NA,NA,NA,NA,NA,1373,,Ground
North,1943,NA,NA,NA,Elk,NA,NA,NA,NA,NA,NA,NA,NA,NA,NA,800,,Ground
North,1943,NA,NA,NA,Deer,NA,NA,NA,NA,NA,NA,NA,NA,NA,NA,40,,Ground
North,1943,NA,NA,NA,Moose,NA,NA,NA,NA,NA,NA,NA,NA,NA,NA,265,,Ground
North,1944,NA,NA,NA,Bison,NA,NA,NA,NA,NA,NA,NA,NA,NA,NA,1150,,Ground
North,1944,NA,NA,NA,Elk,NA,NA,NA,NA,NA,NA,NA,NA,NA,NA,635,,Ground
North,1944,NA,NA,NA,Deer,NA,NA,NA,NA,NA,NA,NA,NA,NA,NA,72,,Ground
North,1944,NA,NA,NA,Moose,NA,NA,NA,NA,NA,NA,NA,NA,NA,NA,294,,Ground
North,1945,NA,NA,NA,Bison,NA,NA,NA,NA,NA,NA,NA,NA,NA,NA,1296,,Ground
North,1945,NA,NA,NA,Elk,NA,NA,NA,NA,NA,NA,NA,NA,NA,NA,723,,Ground
North,1945,NA,NA,NA,Deer,NA,NA,NA,NA,NA,NA,NA,NA,NA,NA,96,,Ground
North,1945,NA,NA,NA,Moose,NA,NA,NA,NA,NA,NA,NA,NA,NA,NA,325,,Ground
North,1946,NA,NA,NA,Bison,NA,NA,NA,NA,NA,NA,NA,NA,NA,NA,1085,,Ground
North,1946,NA,NA,NA,Elk,NA,NA,NA,NA,NA,NA,NA,NA,NA,NA,851,,Ground
North,1946,NA,NA,NA,Deer,NA,NA,NA,NA,NA,NA,NA,NA,NA,NA,95,,Ground
North,1946,NA,NA,NA,Moose,NA,NA,NA,NA,NA,NA,NA,NA,NA,NA,390,,Ground
North,1947,NA,NA,NA,Bison,NA,NA,NA,NA,NA,NA,NA,NA,NA,NA,1291,,Ground
North,1947,NA,NA,NA,Elk,NA,NA,NA,NA,NA,NA,NA,NA,NA,NA,751,,Ground
North,1947,NA,NA,NA,Deer,NA,NA,NA,NA,NA,NA,NA,NA,NA,NA,100,,Ground
North,1947,NA,NA,NA,Moose,NA,NA,NA,NA,NA,NA,NA,NA,NA,NA,487,,Ground
North,1948,NA,NA,NA,Bison,NA,NA,NA,NA,NA,NA,NA,NA,NA,NA,1496,,Ground
North,1948,NA,NA,NA,Elk,NA,NA,NA,NA,NA,NA,NA,NA,NA,NA,830,,Ground
North,1948,NA,NA,NA,Deer,NA,NA,NA,NA,NA,NA,NA,NA,NA,NA,96,,Ground
North,1948,NA,NA,NA,Moose,NA,NA,NA,NA,NA,NA,NA,NA,NA,NA,382,,Ground
North,1949,NA,NA,NA,Bison,NA,NA,NA,NA,NA,NA,NA,NA,NA,NA,1167,,Ground
North,1949,NA,NA,NA,Elk,NA,NA,NA,NA,NA,NA,NA,NA,NA,NA,674,,Ground
North,1949,NA,NA,NA,Deer,NA,NA,NA,NA,NA,NA,NA,NA,NA,NA,113,,Ground
North,1949,NA,NA,NA,Moose,NA,NA,NA,NA,NA,NA,NA,NA,NA,NA,355,,Ground
North,1950,NA,NA,NA,Bison,NA,NA,NA,NA,NA,NA,NA,NA,NA,NA,1440,,Ground
North,1950,NA,NA,NA,Elk,NA,NA,NA,NA,NA,NA,NA,NA,NA,NA,630,,Ground
North,1950,NA,NA,NA,Deer,NA,NA,NA,NA,NA,NA,NA,NA,NA,NA,132,,Ground
North,1950,NA,NA,NA,Moose,NA,NA,NA,NA,NA,NA,NA,NA,NA,NA,348,,Ground
North,1951,NA,NA,NA,Bison,NA,NA,NA,NA,NA,NA,NA,NA,NA,NA,1785,,Ground
North,1951,NA,NA,NA,Elk,NA,NA,NA,NA,NA,NA,NA,NA,NA,NA,784,,Ground
North,1951,NA,NA,NA,Deer,NA,NA,NA,NA,NA,NA,NA,NA,NA,NA,113,,Ground
North,1951,NA,NA,NA,Moose,NA,NA,NA,NA,NA,NA,NA,NA,NA,NA,387,,Ground
North,1952,NA,NA,NA,Bison,NA,NA,NA,NA,NA,NA,NA,NA,NA,NA,1411,,Ground
North,1952,NA,NA,NA,Elk,NA,NA,NA,NA,NA,NA,NA,NA,NA,NA,782,,Ground
North,1952,NA,NA,NA,Deer,NA,NA,NA,NA,NA,NA,NA,NA,NA,NA,95,,Ground
North,1952,NA,NA,NA,Moose,NA,NA,NA,NA,NA,NA,NA,NA,NA,NA,375,,Ground
North,1953,NA,NA,NA,Bison,NA,NA,NA,NA,NA,NA,NA,NA,NA,NA,1552,,Ground
North,1953,NA,NA,NA,Elk,NA,NA,NA,NA,NA,NA,NA,NA,NA,NA,840,,Ground
North,1953,NA,NA,NA,Deer,NA,NA,NA,NA,NA,NA,NA,NA,NA,NA,125,,Ground
North,1953,NA,NA,NA,Moose,NA,NA,NA,NA,NA,NA,NA,NA,NA,NA,360,,Ground
North,1954,NA,NA,NA,Bison,NA,NA,NA,NA,NA,NA,NA,NA,NA,NA,1146,,Ground
North,1954,NA,NA,NA,Elk,NA,NA,NA,NA,NA,NA,NA,NA,NA,NA,955,,Ground
North,1954,NA,NA,NA,Deer,NA,NA,NA,NA,NA,NA,NA,NA,NA,NA,113,,Ground
North,1954,NA,NA,NA,Moose,NA,NA,NA,NA,NA,NA,NA,NA,NA,NA,335,,Ground
North,1955,NA,NA,NA,Bison,NA,NA,NA,NA,NA,NA,NA,NA,NA,NA,1426,,Ground
North,1955,NA,NA,NA,Elk,NA,NA,NA,NA,NA,NA,NA,NA,NA,NA,999,,Ground
North,1955,NA,NA,NA,Deer,NA,NA,NA,NA,NA,NA,NA,NA,NA,NA,89,,Ground
North,1955,NA,NA,NA,Moose,NA,NA,NA,NA,NA,NA,NA,NA,NA,NA,367,,Ground
North,1956,NA,NA,NA,Bison,NA,NA,NA,NA,NA,NA,NA,NA,NA,NA,1242,,Ground
North,1956,NA,NA,NA,Elk,NA,NA,NA,NA,NA,NA,NA,NA,NA,NA,1149,,Ground
North,1956,NA,NA,NA,Deer,NA,NA,NA,NA,NA,NA,NA,NA,NA,NA,70,,Ground
North,1956,NA,NA,NA,Moose,NA,NA,NA,NA,NA,NA,NA,NA,NA,NA,370,,Ground
North,1957,NA,NA,NA,Elk,NA,NA,NA,NA,NA,NA,NA,NA,NA,NA,865,,Ground
North,1957,NA,NA,NA,Deer,NA,NA,NA,NA,NA,NA,NA,NA,NA,NA,48,,Ground
North,1957,NA,NA,NA,Bison,NA,NA,NA,NA,NA,NA,NA,NA,NA,NA,1049,,Ground
North,1957,NA,NA,NA,Moose,NA,NA,NA,NA,NA,NA,NA,NA,NA,NA,275,,Ground
North,1958,NA,NA,NA,Elk,NA,NA,NA,NA,NA,NA,NA,NA,NA,NA,680,,Aerial
South,1958,NA,NA,NA,Deer,NA,NA,NA,NA,NA,NA,NA,NA,NA,NA,150,,Aerial
North,1958,NA,NA,NA,Deer,NA,NA,NA,NA,NA,NA,NA,NA,NA,NA,50,,Aerial
South,1958,NA,NA,NA,Elk,NA,NA,NA,NA,NA,NA,NA,NA,NA,NA,70,,Aerial
North,1958,NA,NA,NA,Bison,NA,NA,NA,NA,NA,NA,NA,NA,NA,NA,1417,,Aerial
North,1958,NA,NA,NA,Moose,NA,NA,NA,NA,NA,NA,NA,NA,NA,NA,342,,Aerial
South,1958,NA,NA,NA,Moose,NA,NA,NA,NA,NA,NA,NA,NA,NA,NA,0,,Aerial
North,1959,NA,NA,NA,Bison,NA,NA,NA,NA,NA,NA,NA,NA,NA,NA,1173,,Aerial
North,1959,NA,NA,NA,Deer,NA,NA,NA,NA,NA,NA,NA,NA,NA,NA,110,,Aerial
North,1959,NA,NA,NA,Elk,NA,NA,NA,NA,NA,NA,NA,NA,NA,NA,640,,Aerial
South,1959,NA,NA,NA,Elk,NA,NA,NA,NA,NA,NA,NA,NA,NA,NA,90,,Aerial
North,1959,NA,NA,NA,Moose,NA,NA,NA,NA,NA,NA,NA,NA,NA,NA,234,,Aerial
South,1959,NA,NA,NA,Deer,NA,NA,NA,NA,NA,NA,NA,NA,NA,NA,160,,Aerial
South,1959,NA,NA,NA,Moose,NA,NA,NA,NA,NA,NA,NA,NA,NA,NA,68,,Aerial
South,1960,1961,2,20,Deer,NA,NA,NA,NA,NA,NA,NA,NA,NA,NA,154,,Aerial
North,1960,1961,2,21,Bison,NA,NA,NA,NA,NA,NA,NA,NA,NA,NA,700,,Aerial
North,1960,1961,2,21,Deer,NA,NA,NA,NA,NA,NA,NA,NA,NA,NA,88,,Aerial
North,1960,1961,2,21,Elk,NA,NA,NA,NA,NA,NA,NA,NA,NA,NA,260,,Aerial
South,1960,1961,2,20,Elk,NA,NA,NA,NA,NA,NA,NA,NA,NA,NA,8,,Aerial
North,1960,1961,2,21,Moose,NA,NA,NA,NA,NA,NA,NA,NA,NA,NA,123,,Aerial
South,1960,1961,2,20,Moose,NA,NA,NA,NA,NA,NA,NA,NA,NA,NA,68,,Aerial
South,1961,NA,NA,NA,Deer,NA,NA,NA,NA,NA,NA,NA,NA,NA,NA,149,,Aerial
North,1961,1961,12,14,Bison,NA,NA,NA,NA,NA,NA,NA,NA,NA,NA,794,,Aerial
North,1961,1961,12,14,Elk,NA,NA,NA,NA,NA,NA,NA,NA,NA,NA,230,,Aerial
North,1961,1961,12,14,Moose,NA,NA,NA,NA,NA,NA,NA,NA,NA,NA,153,,Aerial
South,1963,NA,NA,NA,Deer,NA,NA,NA,NA,NA,NA,NA,NA,NA,NA,128,,Aerial
South,1961,NA,NA,NA,Elk,NA,NA,NA,NA,NA,NA,NA,NA,NA,NA,8,,Aerial
North,1963,NA,NA,NA,Deer,NA,NA,NA,NA,NA,NA,NA,NA,NA,NA,64,,Aerial
North,1961,1961,12,14,Deer,NA,NA,NA,NA,NA,NA,NA,NA,NA,NA,145,,Aerial
South,1961,NA,NA,NA,Moose,NA,NA,NA,NA,NA,NA,NA,NA,NA,NA,74,,Aerial
South,1964,NA,NA,NA,Deer,NA,NA,NA,NA,NA,NA,NA,NA,NA,NA,118,,Aerial
North,1964,NA,NA,NA,Deer,NA,NA,NA,NA,NA,NA,NA,NA,NA,NA,45,,Aerial
South,1962,NA,NA,NA,Deer,NA,NA,NA,NA,NA,NA,NA,NA,NA,NA,140,,Aerial
North,1962,NA,NA,NA,Deer,NA,NA,NA,NA,NA,NA,NA,NA,NA,NA,100,,Aerial
North,1962,NA,NA,NA,Bison,NA,NA,NA,NA,NA,NA,NA,NA,NA,NA,725,,Aerial
North,1963,NA,NA,NA,Elk,NA,NA,NA,NA,NA,NA,NA,NA,NA,NA,330,,Aerial
North,1963,NA,NA,NA,Bison,NA,NA,NA,NA,NA,NA,NA,NA,NA,NA,896,,Aerial
North,1965,NA,NA,NA,Deer,NA,NA,NA,NA,NA,NA,NA,NA,NA,NA,38,,Aerial
South,1966,NA,NA,NA,Deer,NA,NA,NA,NA,NA,NA,NA,NA,NA,NA,76,,Aerial
South,1963,NA,NA,NA,Elk,NA,NA,NA,NA,NA,NA,NA,NA,NA,NA,13,,Aerial
North,1963,NA,NA,NA,Moose,NA,NA,NA,NA,NA,NA,NA,NA,NA,NA,255,,Aerial
North,1964,NA,NA,NA,Moose,NA,NA,NA,NA,NA,NA,NA,NA,NA,NA,275,,Aerial
North,1964,NA,NA,NA,Elk,NA,NA,NA,NA,NA,NA,NA,NA,NA,NA,302,,Aerial
North,1964,NA,NA,NA,Bison,NA,NA,NA,NA,NA,NA,NA,NA,NA,NA,830,,Aerial
South,1967,NA,NA,NA,Deer,NA,NA,NA,NA,NA,NA,NA,NA,NA,NA,159,,Aerial
North,1967,NA,NA,NA,Deer,NA,NA,NA,NA,NA,NA,NA,NA,NA,NA,59,,Aerial
South,1964,NA,NA,NA,Elk,NA,NA,NA,NA,NA,NA,NA,NA,NA,NA,12,,Aerial
North,1965,NA,NA,NA,Moose,NA,NA,NA,NA,NA,NA,NA,NA,NA,NA,332,,Aerial
South,1965,NA,NA,NA,Deer,NA,NA,NA,NA,NA,NA,NA,NA,NA,NA,107,,Aerial
South,1965,NA,NA,NA,Bison,NA,NA,NA,NA,NA,NA,NA,NA,NA,NA,21,,Aerial
North,1965,NA,NA,NA,Elk,NA,NA,NA,NA,NA,NA,NA,NA,NA,NA,275,,Aerial
North,1965,NA,NA,NA,Bison,NA,NA,NA,NA,NA,NA,NA,NA,NA,NA,623,,Aerial
North,1968,NA,NA,NA,Deer,NA,NA,NA,NA,NA,NA,NA,NA,NA,NA,74,,Aerial
South,1969,NA,NA,NA,Deer,NA,NA,NA,NA,NA,NA,NA,NA,NA,NA,177,,Aerial
South,1965,NA,NA,NA,Elk,NA,NA,NA,NA,NA,NA,NA,NA,NA,NA,12,,Aerial
North,1966,NA,NA,NA,Deer,NA,NA,NA,NA,NA,NA,NA,NA,NA,NA,34,,Aerial
North,1966,NA,NA,NA,Moose,NA,NA,NA,NA,NA,NA,NA,NA,NA,NA,429,,Aerial
South,1966,NA,NA,NA,Bison,NA,NA,NA,NA,NA,NA,NA,NA,NA,NA,22,,Aerial
North,1966,NA,NA,NA,Elk,NA,NA,NA,NA,NA,NA,NA,NA,NA,NA,343,,Aerial
North,1966,NA,NA,NA,Bison,NA,NA,NA,NA,NA,NA,NA,NA,NA,NA,612,,Aerial
South,1970,NA,NA,NA,Deer,NA,NA,NA,NA,NA,NA,NA,NA,NA,NA,98,,Aerial
North,1970,NA,NA,NA,Deer,NA,NA,NA,NA,NA,NA,NA,NA,NA,NA,65,,Aerial
South,1966,NA,NA,NA,Elk,NA,NA,NA,NA,NA,NA,NA,NA,NA,NA,21,,Aerial
North,1967,NA,NA,NA,Moose,NA,NA,NA,NA,NA,NA,NA,NA,NA,NA,627,,Aerial
North,1968,NA,NA,NA,Moose,NA,NA,NA,NA,NA,NA,NA,NA,NA,NA,600,,Aerial
North,1967,NA,NA,NA,Elk,NA,NA,NA,NA,NA,NA,NA,NA,NA,NA,393,,Aerial
South,1967,NA,NA,NA,Bison,NA,NA,NA,NA,NA,NA,NA,NA,NA,NA,35,,Aerial
North,1967,NA,NA,NA,Bison,NA,NA,NA,NA,NA,NA,NA,NA,NA,NA,733,,Aerial
North,1971,NA,NA,NA,Deer,NA,NA,NA,NA,NA,NA,NA,NA,NA,NA,23,,Aerial
South,1972,NA,NA,NA,Deer,NA,NA,NA,NA,NA,NA,NA,NA,NA,NA,104,,Aerial
South,1967,NA,NA,NA,Elk,NA,NA,NA,NA,NA,NA,NA,NA,NA,NA,15,,Aerial
South,1968,NA,NA,NA,Deer,NA,NA,NA,NA,NA,NA,NA,NA,NA,NA,265,,Aerial
North,1969,NA,NA,NA,Deer,NA,NA,NA,NA,NA,NA,NA,NA,NA,NA,27,,Aerial
North,1968,NA,NA,NA,Elk,NA,NA,NA,NA,NA,NA,NA,NA,NA,NA,418,,Aerial
South,1968,NA,NA,NA,Bison,NA,NA,NA,NA,NA,NA,NA,NA,NA,NA,50,,Aerial
North,1968,NA,NA,NA,Bison,NA,NA,NA,NA,NA,NA,NA,NA,NA,NA,728,,Aerial
South,1973,NA,NA,NA,Deer,NA,NA,NA,NA,NA,NA,NA,NA,NA,NA,205,,Aerial
North,1973,NA,NA,NA,Deer,NA,NA,NA,NA,NA,NA,NA,NA,NA,NA,71,,Aerial
South,1968,NA,NA,NA,Elk,NA,NA,NA,NA,NA,NA,NA,NA,NA,NA,21,,Aerial
North,1969,NA,NA,NA,Moose,NA,NA,NA,NA,NA,NA,NA,NA,NA,NA,415,,Aerial
North,1970,NA,NA,NA,Moose,NA,NA,NA,NA,NA,NA,NA,NA,NA,NA,280,,Aerial
North,1969,NA,NA,NA,Elk,NA,NA,NA,NA,NA,NA,NA,NA,NA,NA,383,,Aerial
South,1969,NA,NA,NA,Bison,NA,NA,NA,NA,NA,NA,NA,NA,NA,NA,62,,Aerial
North,1969,NA,NA,NA,Bison,NA,NA,NA,NA,NA,NA,NA,NA,NA,NA,774,,Aerial
North,1974,NA,NA,NA,Deer,NA,NA,NA,NA,NA,NA,NA,NA,NA,NA,14,,Aerial
South,1975,NA,NA,NA,Deer,NA,NA,NA,NA,NA,NA,NA,NA,NA,NA,77,,Aerial
South,1969,NA,NA,NA,Elk,NA,NA,NA,NA,NA,NA,NA,NA,NA,NA,21,,Aerial
North,1971,NA,NA,NA,Moose,NA,NA,NA,NA,NA,NA,NA,NA,NA,NA,353,,Aerial
South,1971,NA,NA,NA,Deer,NA,NA,NA,NA,NA,NA,NA,NA,NA,NA,103,,Aerial
North,1970,NA,NA,NA,Elk,NA,NA,NA,NA,NA,NA,NA,NA,NA,NA,426,,Aerial
South,1970,NA,NA,NA,Bison,NA,NA,NA,NA,NA,NA,NA,NA,NA,NA,34,,Aerial
North,1970,NA,NA,NA,Bison,NA,NA,NA,NA,NA,NA,NA,NA,NA,NA,685,,Aerial
South,1976,NA,NA,NA,Deer,NA,NA,NA,NA,NA,NA,NA,NA,NA,NA,120,,Aerial
North,1976,NA,NA,NA,Deer,NA,NA,NA,NA,NA,NA,NA,NA,NA,NA,50,,Aerial
South,1970,NA,NA,NA,Elk,NA,NA,NA,NA,NA,NA,NA,NA,NA,NA,9,,Aerial
North,1972,NA,NA,NA,Deer,NA,NA,NA,NA,NA,NA,NA,NA,NA,NA,46,,Aerial
North,1972,NA,NA,NA,Moose,NA,NA,NA,NA,NA,NA,NA,NA,NA,NA,310,,Aerial
North,1971,NA,NA,NA,Elk,NA,NA,NA,NA,NA,NA,NA,NA,NA,NA,510,,Aerial
North,1971,NA,NA,NA,Bison,NA,NA,NA,NA,NA,NA,NA,NA,NA,NA,872,,Aerial
South,1971,NA,NA,NA,Bison,NA,NA,NA,NA,NA,NA,NA,NA,NA,NA,43,,Aerial
North,1977,NA,NA,NA,Deer,NA,NA,NA,NA,NA,NA,NA,NA,NA,NA,58,,Aerial
South,1978,NA,NA,NA,Deer,NA,NA,NA,NA,NA,NA,NA,NA,NA,NA,100,,Aerial
South,1971,NA,NA,NA,Elk,NA,NA,NA,NA,NA,NA,NA,NA,NA,NA,8,,Aerial
North,1973,NA,NA,NA,Moose,NA,NA,NA,NA,NA,NA,NA,NA,NA,NA,297,,Aerial
North,1974,NA,NA,NA,Moose,NA,NA,NA,NA,NA,NA,NA,NA,NA,NA,289,,Aerial
North,1972,NA,NA,NA,Bison,NA,NA,NA,NA,NA,NA,NA,NA,NA,NA,780,,Aerial
North,1972,NA,NA,NA,Elk,NA,NA,NA,NA,NA,NA,NA,NA,NA,NA,552,,Aerial
South,1972,NA,NA,NA,Bison,NA,NA,NA,NA,NA,NA,NA,NA,NA,NA,54,,Aerial
South,1979,NA,NA,NA,Deer,NA,NA,NA,NA,NA,NA,NA,NA,NA,NA,62,,Aerial
North,1979,NA,NA,NA,Deer,NA,NA,NA,NA,NA,NA,NA,NA,NA,NA,42,,Aerial
South,1972,NA,NA,NA,Elk,NA,NA,NA,NA,NA,NA,NA,NA,NA,NA,7,,Aerial
South,1974,NA,NA,NA,Deer,NA,NA,NA,NA,NA,NA,NA,NA,NA,NA,35,,Aerial
North,1975,NA,NA,NA,Deer,NA,NA,NA,NA,NA,NA,NA,NA,NA,NA,20,,Aerial
North,1973,NA,NA,NA,Bison,NA,NA,NA,NA,NA,NA,NA,NA,NA,NA,719,,Aerial
North,1973,NA,NA,NA,Elk,NA,NA,NA,NA,NA,NA,NA,NA,NA,NA,570,,Aerial
South,1973,NA,NA,NA,Bison,NA,NA,NA,NA,NA,NA,NA,NA,NA,NA,63,,Aerial
North,1980,NA,NA,NA,Deer,NA,NA,NA,NA,NA,NA,NA,NA,NA,NA,84,,Aerial
South,1981,NA,NA,NA,Deer,NA,NA,NA,NA,NA,NA,NA,NA,NA,NA,291,,Aerial
South,1973,NA,NA,NA,Elk,NA,NA,NA,NA,NA,NA,NA,NA,NA,NA,10,,Aerial
North,1975,NA,NA,NA,Moose,NA,NA,NA,NA,NA,NA,NA,NA,NA,NA,271,,Aerial
North,1976,1977,1,11,Moose,359,NA,NA,NA,NA,NA,359,25,NA,NA,449,,Aerial
North,1974,NA,NA,NA,Bison,NA,NA,NA,NA,NA,NA,NA,NA,NA,NA,622,,Aerial
North,1974,NA,NA,NA,Elk,NA,NA,NA,NA,NA,NA,NA,NA,NA,NA,406,,Aerial
South,1974,NA,NA,NA,Bison,NA,NA,NA,NA,NA,NA,NA,NA,NA,NA,74,,Aerial
South,1982,NA,NA,NA,Deer,NA,NA,NA,NA,NA,NA,NA,NA,NA,NA,125,,Aerial
North,1982,NA,NA,NA,Deer,NA,NA,NA,NA,NA,NA,NA,NA,NA,NA,100,,Aerial
South,1974,NA,NA,NA,Elk,NA,NA,NA,NA,NA,NA,NA,NA,NA,NA,14,,Aerial
South,1977,NA,NA,NA,Deer,NA,NA,NA,NA,NA,NA,NA,NA,NA,NA,110,,Aerial
North,1978,NA,NA,NA,Deer,NA,NA,NA,NA,NA,NA,NA,NA,NA,NA,69,,Aerial
North,1975,NA,NA,NA,Bison,NA,NA,NA,NA,NA,NA,NA,NA,NA,NA,428,,Aerial
North,1975,NA,NA,NA,Elk,NA,NA,NA,NA,NA,NA,NA,NA,NA,NA,430,,Aerial
South,1975,NA,NA,NA,Bison,NA,NA,NA,NA,NA,NA,NA,NA,NA,NA,91,,Aerial
North,1962,NA,NA,NA,Elk,NA,NA,NA,NA,NA,NA,NA,NA,NA,NA,300,,Aerial
South,1962,NA,NA,NA,Elk,NA,NA,NA,NA,NA,NA,NA,NA,NA,NA,12,,Aerial
South,1975,NA,NA,NA,Elk,NA,NA,NA,NA,NA,NA,NA,NA,NA,NA,22,,Aerial
South,1980,NA,NA,NA,Deer,NA,NA,NA,NA,NA,NA,NA,NA,NA,NA,177,,Aerial
North,1981,NA,NA,NA,Deer,NA,NA,NA,NA,NA,NA,NA,NA,NA,NA,126,,Aerial
North,1962,NA,NA,NA,Moose,NA,NA,NA,NA,NA,NA,NA,NA,NA,NA,245,,Aerial
North,1976,NA,NA,NA,Bison,NA,NA,NA,NA,NA,NA,NA,NA,NA,NA,410,,Aerial
North,1976,NA,NA,NA,Elk,NA,NA,NA,NA,NA,NA,NA,NA,NA,NA,568,,Aerial
South,1976,NA,NA,NA,Bison,NA,NA,NA,NA,NA,NA,NA,NA,NA,NA,114,,Aerial
South,1962,NA,NA,NA,Moose,NA,NA,NA,NA,NA,NA,NA,NA,NA,NA,105,,Aerial
South,1963,NA,NA,NA,Moose,NA,NA,NA,NA,NA,NA,NA,NA,NA,NA,130,,Aerial
South,1976,NA,NA,NA,Elk,NA,NA,NA,NA,NA,NA,NA,NA,NA,NA,25,,Aerial
North,1977,NA,NA,NA,Moose,NA,NA,NA,NA,NA,NA,NA,NA,NA,NA,293,,Aerial
South,1964,NA,NA,NA,Moose,NA,NA,NA,NA,NA,NA,NA,NA,NA,NA,150,,Aerial
North,1977,NA,NA,NA,Bison,NA,NA,NA,NA,NA,NA,NA,NA,NA,NA,529,,Aerial
North,1977,NA,NA,NA,Elk,NA,NA,NA,NA,NA,NA,NA,NA,NA,NA,450,,Aerial
South,1977,NA,NA,NA,Bison,NA,NA,NA,NA,NA,NA,NA,NA,NA,NA,136,,Aerial
South,1965,NA,NA,NA,Moose,NA,NA,NA,NA,NA,NA,NA,NA,NA,NA,164,,Aerial
South,1966,NA,NA,NA,Moose,NA,NA,NA,NA,NA,NA,NA,NA,NA,NA,235,,Aerial
South,1977,NA,NA,NA,Elk,NA,NA,NA,NA,NA,NA,NA,NA,NA,NA,55,,Aerial
North,1978,NA,NA,NA,Bison,NA,NA,NA,NA,NA,NA,NA,NA,NA,NA,553,,Aerial
North,1978,NA,NA,NA,Moose,NA,NA,NA,NA,NA,NA,NA,NA,NA,NA,234,,Aerial
South,1967,NA,NA,NA,Moose,NA,NA,NA,NA,NA,NA,NA,NA,NA,NA,250,,Aerial
North,1978,NA,NA,NA,Elk,NA,NA,NA,NA,NA,NA,NA,NA,NA,NA,464,,Aerial
South,1978,NA,NA,NA,Bison,NA,NA,NA,NA,NA,NA,NA,NA,NA,NA,150,,Aerial
South,1968,NA,NA,NA,Moose,NA,NA,NA,NA,NA,NA,NA,NA,NA,NA,150,,Aerial
South,1969,NA,NA,NA,Moose,NA,NA,NA,NA,NA,NA,NA,NA,NA,NA,102,,Aerial
South,1978,NA,NA,NA,Elk,NA,NA,NA,NA,NA,NA,NA,NA,NA,NA,73,,Aerial
North,1979,NA,NA,NA,Bison,NA,NA,NA,NA,NA,NA,NA,NA,NA,NA,399,,Aerial
North,1979,NA,NA,NA,Elk,NA,NA,NA,NA,NA,NA,NA,NA,NA,NA,486,,Aerial
North,1979,NA,NA,NA,Moose,NA,NA,NA,NA,NA,NA,NA,NA,NA,NA,366,,Aerial
South,1970,NA,NA,NA,Moose,NA,NA,NA,NA,NA,NA,NA,NA,NA,NA,75,,Aerial
South,1979,NA,NA,NA,Bison,NA,NA,NA,NA,NA,NA,NA,NA,NA,NA,129,,Aerial
South,1971,NA,NA,NA,Moose,NA,NA,NA,NA,NA,NA,NA,NA,NA,NA,125,,Aerial
South,1972,NA,NA,NA,Moose,NA,NA,NA,NA,NA,NA,NA,NA,NA,NA,82,,Aerial
South,1979,NA,NA,NA,Elk,NA,NA,NA,NA,NA,NA,NA,NA,NA,NA,75,,Aerial
North,1980,NA,NA,NA,Bison,NA,NA,NA,NA,NA,NA,NA,NA,NA,NA,443,,Aerial
North,1980,NA,NA,NA,Moose,NA,NA,NA,NA,NA,NA,NA,NA,NA,NA,380,,Aerial
North,1980,NA,NA,NA,Elk,NA,NA,NA,NA,NA,NA,NA,NA,NA,NA,607,,Aerial
South,1973,NA,NA,NA,Moose,NA,NA,NA,NA,NA,NA,NA,NA,NA,NA,117,,Aerial
South,1980,NA,NA,NA,Bison,NA,NA,NA,NA,NA,NA,NA,NA,NA,NA,159,,Aerial
South,1974,NA,NA,NA,Moose,NA,NA,NA,NA,NA,NA,NA,NA,NA,NA,118,,Aerial
South,1976,NA,NA,NA,Moose,NA,NA,NA,NA,NA,NA,NA,NA,NA,NA,225,,Aerial
South,1980,NA,NA,NA,Elk,NA,NA,NA,NA,NA,NA,NA,NA,NA,NA,87,,Aerial
North,1981,NA,NA,NA,Bison,NA,NA,NA,NA,NA,NA,NA,NA,NA,NA,518,,Aerial
North,1981,NA,NA,NA,Elk,NA,NA,NA,NA,NA,NA,NA,NA,NA,NA,584,,Aerial
North,1981,NA,NA,NA,Moose,NA,NA,NA,NA,NA,NA,NA,NA,NA,NA,187,,Aerial
South,1977,NA,NA,NA,Moose,NA,NA,NA,NA,NA,NA,NA,NA,NA,NA,160,,Aerial
South,1981,NA,NA,NA,Bison,NA,NA,NA,NA,NA,NA,NA,NA,NA,NA,139,,Aerial
South,1978,NA,NA,NA,Moose,NA,NA,NA,NA,NA,NA,NA,NA,NA,NA,160,,Aerial
South,1979,NA,NA,NA,Moose,NA,NA,NA,NA,NA,NA,NA,NA,NA,NA,120,,Aerial
South,1981,NA,NA,NA,Elk,NA,NA,NA,NA,NA,NA,NA,NA,NA,NA,100,,Aerial
North,1982,NA,NA,NA,Bison,NA,NA,NA,NA,NA,NA,NA,NA,NA,NA,652,,Aerial
North,1982,NA,NA,NA,Elk,NA,NA,NA,NA,NA,NA,NA,NA,NA,NA,527,,Aerial
North,1982,NA,NA,NA,Moose,NA,NA,NA,NA,NA,NA,NA,NA,NA,NA,214,,Aerial
South,1980,NA,NA,NA,Moose,NA,NA,NA,NA,NA,NA,NA,NA,NA,NA,120,,Aerial
South,1982,NA,NA,NA,Bison,NA,NA,NA,NA,NA,NA,NA,NA,NA,NA,161,,Aerial
South,1981,NA,NA,NA,Moose,NA,NA,NA,NA,NA,NA,NA,NA,NA,NA,120,,Aerial
South,1982,NA,NA,NA,Moose,NA,NA,NA,NA,NA,NA,NA,NA,NA,NA,36,,Aerial
South,1982,NA,NA,NA,Elk,NA,NA,NA,NA,NA,NA,NA,NA,NA,NA,102,,Aerial
South,1983,1984,2,11,Bison,0,65,83,0,0,35,183,0,0,NA,183,,Aerial
North,1983,1984,1,20,Bison,317,89,4,0,0,0,410,20,NA,NA,492,,Aerial
North,1983,1984,1,20,Elk,147,171,134,0,34,0,486,20,0,NA,583,,Aerial
North,1983,1984,1,20,Moose,1,30,54,0,33,0,118,25,0,0,148,,Aerial
South,1983,1984,2,11,Moose,0,11,22,0,20,0,53,16,0,0,61,,Aerial
North,1983,1984,1,20,Deer,54,14,47,0,18,0,133,25,0,NA,166,,Aerial
South,1983,1984,2,11,Deer,47,0,6,0,9,0,62,16,NA,NA,72,,Aerial
South,1983,1984,2,11,Elk,17,17,63,0,22,0,119,15,0,NA,137,,Aerial
South,1984,1985,2,15,Bison,43,0,0,0,0,0,43,10,170,0,217,,Aerial
North,1984,1985,1,10,Bison,100,0,0,0,0,0,100,7,371,NA,478,,Aerial
North,1984,1985,2,7,Elk,32,113,301,0,0,73,519,10,NA,54,625,,Aerial
North,1984,1985,2,7,Moose,37,39,70,0,55,0,201,10,0,0,221,,Aerial
South,1984,1985,2,15,Deer,87,6,21,0,0,4,118,25,0,0,148,,Aerial
North,1984,1985,2,7,Deer,73,1,34,0,0,3,111,25,0,NA,139,,Aerial
South,1984,1985,2,15,Elk,0,24,63,0,0,22,109,10,0,0,120,,Aerial
South,1984,1985,2,15,Moose,4,27,31,0,0,26,88,10,0,0,98,,Aerial
North,1985,1986,3,25,Bison,340,117,0,0,0,0,457,7,0,NA,488,,Aerial
South,1985,1986,1,30,Bison,12,52,0,0,0,0,64,10,162,NA,232,,Aerial
North,1985,1986,3,25,Elk,479,52,34,0,0,0,565,13,NA,11,649," 11 elk were removed from park before survey (6 were shipped out, 5 mortalities) ",Aerial
North,1985,1986,3,25,Moose,109,13,71,0,0,61,254,10,0,0,286,"Due to shortage of fuel, every other transect was flown in the southern half of the Main Park Area.  The sightability correction factor was doubled for the southern half (20%), while the northern half of the Main Park Area was 10%.",Aerial
South,1985,1986,1,30,Moose,52,12,36,0,0,27,127,10,0,0,140,,Aerial
North,1985,1986,3,25,Deer,95,0,0,0,0,0,95,34,0,NA,121,25% was sightabilty correction factor in first half of the survey and 50% in second half of survey applied due to flight pattern,Aerial
South,1985,1986,1,30,Deer,101,0,0,0,0,0,101,50,0,NA,152,White-tailed deer,Aerial
South,1985,1986,1,30,Elk,119,14,16,0,0,1,150,10,0,NA,165,,Aerial
North,1986,1987,2,23,Elk,130,136,278,0,0,104,648,22,41,8,840,"before survey 6 mortalities were found and 2 elk were shipped out of EINP; during survey, 41 elk were held at Mud lake facility",Aerial
North,1986,1987,2,23,Bison,7,78,2,0,0,0,87,19,412,9,525,before survey 7 mortalities occured and 2 plains bison were shipped out,Aerial
North,1986,1987,2,23,Moose,55,41,85,0,0,77,258,22,0,36,351,,Aerial
North,1986,1987,2,23,Deer,64,0,2,0,4,0,70,39,0,1,98,"very poor aerial survey conditions for deer, sightabilty correction factor could have been higher; 1 mortality occurred before survey",Aerial
South,1986,1986,12,5,Bison,0,46,12,0,0,4,62,11,160,0,229,,Aerial
South,1986,1986,12,5,Moose,9,47,79,0,0,53,188,20,0,0,226,,Aerial
South,1986,1986,12,5,Deer,23,28,49,0,0,7,107,33,0,NA,142,,Aerial
South,1986,1986,12,5,Elk,11,54,97,0,1,21,184,22,0,NA,224,,Aerial
North,1987,1988,3,29,Elk,562,58,35,0,7,0,662,28,NA,112,959,,Aerial
South,1987,1988,2,8,Bison,1,30,10,0,0,0,41,17,224,0,272,,Aerial
North,1987,1988,3,29,Bison,327,66,7,0,0,15,415,5,0,6,442, 6 plains bison mortalities occurred before survey,Aerial
North,1987,1988,3,29,Moose,68,37,38,0,0,16,159,32,0,38,248,"before aerial survey 24 moose were trapped and removed, and had 14 moose mortalities",Aerial
South,1987,1988,2,8,Moose,19,13,49,0,0,20,101,21,0,23,145,5 moose mortalities and 18 moose left park using jumprails,Aerial
North,1987,1988,3,29,Deer,102,8,1,0,0,1,112,44,0,6,167,"47 white tailed deer, 71 mule deer total; 6 known mortalities before survey",Aerial
South,1987,1988,2,8,Deer,66,0,2,0,0,1,69,45,0,0,100,,Aerial
South,1987,1988,2,8,Elk,18,74,135,0,0,37,264,19,0,16,330,1 elk mortality and 15 elk used jumprails prior to survey ,Aerial
North,1988,1989,2,14,Elk,259,130,200,0,25,99,713,18,NA,43,884,Before survey 43 elk were removed from the park (incldues 2 mortalities and 41 shipped out),Aerial
South,1988,1989,1,25,Bison,11,29,1,0,0,1,42,12,268,4,319,4 wood bison mortalities before survey,Aerial
North,1988,1989,2,14,Bison,3,54,0,0,0,0,57,14,470,NA,535,,Aerial
North,1988,1989,2,14,Moose,55,30,42,0,0,32,159,17,0,11,197,11 mortalities before aerial survey,Aerial
South,1988,1989,1,25,Moose,4,36,71,0,1,33,145,15,0,3,170,3 moose left park using jump-rails,Aerial
South,1988,1989,1,25,Deer,104,0,0,0,0,0,104,43,0,0,149,White-tailed deer,Aerial
North,1988,1989,2,14,Deer,178,0,0,0,0,0,178,45,0,4,262,4 known mortalities,Aerial
South,1988,1989,1,25,Elk,92,72,131,0,5,55,355,10,0,NA,391,,Aerial
North,1989,NA,NA,NA,Elk,NA,NA,NA,NA,NA,NA,NA,NA,NA,NA,NA,No Ungulate survey in North Aera due to poor snow conditions.  ,Aerial
South,1989,1990,2,22,Bison,3,24,6,0,0,0,33,15,342,NA,380,,Aerial
North,1989,NA,NA,NA,Bison,NA,NA,NA,NA,NA,NA,NA,NA,NA,NA,NA,,NA
South,1989,1990,2,22,Moose,5,12,30,0,0,20,67,15,0,0,77,,Aerial
North,1989,NA,NA,NA,Moose,NA,NA,NA,NA,NA,NA,NA,NA,NA,NA,NA,No ungulate survey in North Aera due to poor snow conditions.  ,NA
South,1989,1990,2,22,Deer,22,0,20,0,0,1,43,50,0,NA,65,White-tailed deer,Aerial
North,1989,NA,NA,NA,Deer,NA,NA,NA,NA,NA,NA,NA,NA,0,NA,NA,No Ungulate survey in North Area due to poor snow conditions.  ,Aerial
South,1989,1990,2,22,Elk,1,77,171,0,1,41,291,20,NA,NA,349,,Aerial
North,1990,1991,1,24,Elk,8,140,425,0,7,205,785,11,NA,NA,871,,Aerial
North,1990,1991,1,24,Bison,0,94,5,0,0,0,99,5,472,NA,576,,Aerial
South,1990,1991,1,25,Bison,0,27,0,0,0,0,27,5,260,0,288,,Aerial
South,1990,1991,1,25,Moose,3,34,35,0,0,29,101,10,0,0,112,,Aerial
North,1990,1991,1,24,Moose,15,85,83,0,0,68,251,10,0,NA,276,,Aerial
South,1990,1991,1,25,Deer,66,0,0,0,0,0,66,50,0,NA,99,,Aerial
North,1990,1991,1,24,Deer,102,1,0,0,0,1,104,50,0,NA,156,White-tailed deer,Aerial
South,1990,1991,1,25,Elk,57,94,95,0,18,56,320,15,0,NA,368,,Aerial
North,1991,1992,1,31,Elk,27,124,387,0,34,146,718,20.5,80,NA,945,,Aerial
South,1991,1991,11,28,Bison,67,38,10,0,1,26,142,5,170,0,319,,Aerial
North,1991,1992,1,31,Bison,6,104,0,0,0,0,110,5,450,0,565,,Aerial
North,1991,1992,1,31,Moose,99,44,51,0,0,41,235,20,0,NA,282,,Aerial
South,1991,1991,11,28,Moose,4,29,57,0,2,41,133,10,0,0,146,,Aerial
South,1991,1991,11,28,Deer,81,15,7,0,0,0,103,50,0,NA,154,,Aerial
North,1991,1992,1,31,Deer,60,2,12,0,0,4,78,50,0,NA,117,White-tailed deer,Aerial
South,1991,1991,11,28,Elk,1,98,192,0,3,114,408,7.5,0,0,479,,Aerial
North,1992,1993,2,20,Elk,10,200,267,299,0,204,980,7,76,3,1126," 76 elk were in traps for removal from the park after the survey, 3 mortalities were recorded",Aerial
North,1992,1993,2,20,Bison,0,90,3,5,0,2,100,5,628,NA,733,,Aerial
North,1992,1993,2,20,Moose,80,39,71,0,0,40,230,18,0,0,271,,Aerial
North,1992,1993,2,20,Deer,179,0,4,0,0,3,186,50,0,0,279,White-tailed deer,Aerial
South,1992,1993,1,8,Bison,2,39,0,0,0,0,41,5,276,NA,320,,Aerial
South,1992,1993,1,8,Moose,4,29,43,0,2,32,111,10,0,0,122,,Aerial
South,1992,1993,1,8,Deer,67,8,12,0,5,4,96,50,0,NA,144,,Aerial
South,1992,1993,1,8,Elk,53,107,125,0,12,72,369,20,18,0,458,18 elk were in trap pens during survey ,Aerial
North,1993,1994,2,10,Elk,7,219,555,0,3,246,1030,10,NA,95,1228,,Aerial
North,1993,1994,2,10,Bison,0,49,0,0,0,0,49,5,679,NA,730,,Aerial
South,1993,1994,2,9,Bison,0,48,2,0,0,4,54,5,318,NA,375,,Aerial
North,1993,1994,2,10,Moose,34,59,78,0,0,67,238,18,0,0,281,,Aerial
South,1993,1994,2,9,Moose,12,16,33,0,0,32,93,10,0,0,102,,Aerial
South,1993,1994,2,9,Deer,85,0,0,0,0,0,85,50,0,NA,128,White-tailed deer,Aerial
North,1993,1994,2,10,Deer,209,0,0,0,0,0,209,40,0,NA,292,White-tailed deer,Aerial
South,1993,1994,2,9,Elk,2,139,235,0,1,125,502,10,41,NA,593,41 elk were trapped before survey and this includes 5 trapping related mortalities,Aerial
North,1994,1995,2,20,Elk,270,155,328,0,30,193,976,24,189,NA,1399,,Aerial
North,1994,1995,2,20,bison,0,49,0,1,0,0,50,18,672,0,722,,Aerial
South,1994,1995,2,18,Bison,0,34,0,0,0,0,34,12,343,NA,381,,Aerial
North,1994,1995,2,20,Moose,28,52,90,0,1,63,234,21,0,0,283,,Aerial
South,1994,1995,2,18,Moose,14,11,23,0,0,18,66,15,0,0,76,,Aerial
South,1994,1995,2,18,Deer,52,0,12,0,2,12,78,40,0,0,109,,Aerial
North,1994,1995,2,20,Deer,76,1,11,0,0,13,101,46,0,NA,147,,Aerial
South,1994,1995,2,18,Elk,50,87,174,0,5,103,419,19,119,NA,618,,Aerial
North,1995,1996,1,31,Elk,29,249,592,0,25,231,1126,10,NA,NA,1239,,Aerial
North,1995,1996,1,31,Bison,0,100,0,0,0,0,100,5,633,0,738,,Aerial
North,1995,1996,1,31,Moose,67,31,66,0,0,54,218,5,0,0,229,,Aerial
North,1995,1996,1,31,Deer,225,0,0,0,0,0,225,40,0,NA,315,White-tailed deer,Aerial
South,1995,1996,1,2,Bison,0,63,0,0,0,0,63,5,305,0,371,,Aerial
South,1995,1996,1,2,Moose,21,9,26,0,1,17,74,15,0,0,85,,Aerial
South,1995,1996,1,2,Deer,139,0,0,0,0,0,139,40,0,NA,195,,Aerial
South,1995,1996,1,2,Elk,69,98,136,0,24,67,394,10,NA,NA,433,,Aerial
North,1996,1996,11,29,Elk,36,236,587,0,9,281,1149,10,NA,NA,1264,,Aerial
North,1996,1996,11,29,Moose,19,48,64,0,0,32,163,18,0,0,192,,Aerial
South,1996,1996,12,18,Moose,7,17,44,0,0,16,84,18,0,0,99,,Aerial
North,1996,1996,11,29,Bison,0,103,0,0,0,1,104,5,562,0,671,,Aerial
South,1996,1996,12,18,Bison,0,71,0,0,0,0,71,5,352,0,427,,Aerial
South,1996,1996,12,18,Deer,53,2,11,0,0,3,69,40,0,NA,97,,Aerial
North,1996,1996,11,29,Deer,43,30,31,0,0,1,105,40,0,NA,147,,Aerial
South,1996,1996,12,18,Elk,33,139,203,0,0,119,494,10,25,NA,568,,Aerial
North,1997,1998,2,13,Elk,101,151,496,0,7,225,980,10,91,NA,1169,,Aerial
North,1997,1998,2,13,Moose,89,26,57,0,2,45,219,18,0,0,258,,Aerial
South,1997,1998,2,11,Moose,9,5,34,0,0,25,73,18,0,0,86,"moose adult male count is not accurate, some adult females were counted as males. ",Aerial
North,1997,1998,2,13,Bison,3,60,0,0,0,0,63,5,559,NA,625,,Aerial
South,1997,1998,2,11,Bison,NA,NA,NA,NA,NA,NA,NA,NA,428,0,428,"Wood bison were not counted in survey as they were handled before survey, handling resulted in 373 wood bison plus an estimated 55 free roaming in the park ",Handling
South,1997,1998,2,11,Deer,32,0,0,0,0,0,32,40,0,0,45,,Aerial
North,1997,1998,2,13,Deer,84,0,1,0,0,1,86,40,0,NA,120,,Aerial
South,1997,1998,2,11,Elk,2,86,236,0,0,82,406,10,55,0,502,,Aerial
North,1998,1999,1,14,Elk,998,157,15,0,0,0,1170,10,183,NA,1470,,Aerial
North,1998,1999,1,14,Bison,26,42,4,0,0,0,72,5,486,0,562,,Aerial
North,1998,1999,1,14,Moose,106,31,58,0,0,29,224,18,0,0,264,,Aerial
South,1998,1999,1,15,Bison,15,10,0,0,0,0,25,5,328,0,354,,Aerial
South,1998,1999,1,15,Moose,28,13,16,0,0,12,69,18,0,0,81,,Aerial
South,1998,1999,1,15,Deer,41,0,0,0,0,0,41,40,0,NA,57,,Aerial
North,1998,1999,1,14,Deer,124,0,0,0,0,0,124,40,0,NA,174,,Aerial
South,1998,1999,1,15,Elk,270,65,0,0,0,0,335,10,70,NA,439,,Aerial
North,1999,2000,3,9,Elk,454,120,0,0,0,16,590,10,497,NA,1146,,Aerial
North,1999,2000,3,9,Moose,136,3,17,0,0,15,171,18,0,0,202,,Aerial
South,1999,2000,1,18,Bison,17,22,0,0,0,0,39,5,347,0,388,,Aerial
South,1999,2000,1,18,Moose,73,9,28,0,0,16,126,18,0,0,149,,Aerial
North,1999,NA,NA,NA,Bison,NA,NA,NA,NA,NA,NA,NA,NA,522,0,NA,,Aerial
South,1999,2000,1,18,Deer,121,0,0,0,0,0,121,40,0,NA,169,,Aerial
North,1999,2000,3,9,Deer,133,0,0,0,0,0,133,40,0,NA,186,,Aerial
South,1999,2000,1,18,Elk,278,93,0,0,7,0,378,10,33,NA,449,,Aerial
North,2000,NA,NA,NA,Elk,NA,NA,NA,NA,NA,NA,NA,NA,NA,NA,NA,No aerial survey completed due to mild winter conditions,NA
North,2000,NA,NA,NA,Moose,NA,NA,NA,NA,NA,NA,NA,NA,NA,NA,NA,No aerial survey completed due to mild winter conditions,NA
North,2000,NA,NA,NA,Bison,NA,NA,NA,NA,NA,NA,NA,NA,NA,NA,NA,No aerial survey completed due to mild winter conditions,NA
South,2000,NA,NA,NA,Bison,NA,NA,NA,NA,NA,NA,NA,NA,NA,NA,NA,No aerial survey completed due to mild winter conditions,NA
South,2000,NA,NA,NA,Moose,NA,NA,NA,NA,NA,NA,NA,NA,NA,NA,NA,No aerial survey completed due to mild winter conditions,NA
South,2000,NA,NA,NA,Deer,NA,NA,NA,NA,NA,NA,NA,NA,0,NA,NA,No aerial survey completed due to mild winter conditions,NA
North,2000,NA,NA,NA,Deer,NA,NA,NA,NA,NA,NA,NA,NA,0,NA,NA,No aerial survey completed due to mild winter conditions,NA
South,2000,NA,NA,NA,Elk,NA,NA,NA,NA,NA,NA,NA,NA,NA,NA,NA,No aerial survey completed due to mild winter conditions,NA
North,2001,2001,12,11,Elk,289,109,58,0,1,75,532,10,22,NA,607,22 elk in facility at time of survey,Aerial
North,2001,2001,12,11,Bison,24,NA,NA,NA,NA,NA,24,5,394,0,419,,Aerial
South,2001,2001,12,11,Bison,0,29,5,0,0,0,34,5,303,0,339,,Aerial
South,2001,2001,12,11,Deer,20,8,7,0,0,2,37,50,0,NA,56,,Aerial
North,2001,2001,12,11,Deer,108,7,5,0,0,1,121,50,0,0,182,,Aerial
North,2001,2001,12,11,Moose,28,59,103,0,1,67,258,10,0,0,284,,Aerial
South,2001,2001,12,11,Moose,11,71,55,0,0,36,173,10,0,0,190,,Aerial
South,2001,2001,12,11,Elk,14,74,136,0,9,50,283,10,0,0,311,,Aerial
North,2002,2003,2,1,Elk,460,82,24,0,0,9,575,10,NA,NA,631,,Aerial
North,2002,2003,2,1,Bison,369,102,0,0,0,0,471,5,0,0,495,,Aerial
North,2002,2003,2,1,Moose,102,40,66,0,0,56,264,15,0,0,304,,Aerial
North,2002,2003,2,1,Deer,211,0,0,0,0,0,211,NA,0,NA,211,,Aerial
South,2002,NA,NA,NA,Moose,NA,NA,NA,NA,NA,NA,NA,NA,NA,NA,NA,No aerial survey completed ,NA
South,2002,NA,NA,NA,Bison,NA,NA,NA,NA,NA,NA,NA,NA,0,0,NA,No survey done in south park for bison. ,NA
South,2002,NA,NA,NA,Deer,NA,NA,NA,NA,NA,NA,NA,NA,0,NA,NA,No Suvrey data for south park population; aerial survey not completed,NA
South,2002,NA,NA,NA,Elk,NA,NA,NA,NA,NA,NA,NA,NA,NA,NA,NA,No aerial survey completed for South Aera,NA
North,2003,2004,2,9,Elk,284,88,6,0,0,7,385,10,NA,127,550,,Aerial
North,2003,2004,2,9,Moose,120,1,13,0,0,14,148,15,0,0,170,several moose were found dead in park but total count is unknown,Aerial
North,2003,2004,2,9,Bison,24,4,0,0,0,0,28,NA,499,NA,527,Additional captive number is an estimate,Aerial
North,2003,2004,2,9,Deer,186,2,0,0,0,0,188,40,0,NA,263,,Aerial
South,2003,2004,2,9,Moose,91,7,35,0,0,21,154,15,0,0,177,,Aerial
South,2003,2004,2,9,Bison,NA,NA,NA,NA,NA,NA,NA,NA,NA,NA,NA,No Survey or count information available,NA
South,2003,2004,2,9,Deer,139,1,0,0,0,0,148,40,0,NA,196,,Aerial
South,2003,2004,2,9,Elk,159,77,0,0,6,0,242,10,89,NA,355,,Aerial
North,2004,2005,1,18,Elk,219,86,1,0,0,1,307,10,NA,NA,338,,Aerial
North,2004,2005,1,18,Moose,84,4,10,0,0,6,104,15,0,0,120,,Aerial
South,2004,2005,1,24,Moose,77,7,21,0,0,19,121,15,0,0,139,,Aerial
North,2004,2005,1,18,Bison,435,23,0,0,0,0,458,10,0,NA,503,,Aerial
South,2004,2005,1,24,Bison,276,0,0,0,0,0,276,10,0,NA,303,,Aerial
South,2004,2005,1,24,Deer,19,0,0,0,0,0,19,40,0,NA,27,Survey count not reliable as deer were very hard to count during survey,Aerial
North,2004,2005,1,18,Deer,271,1,0,0,0,0,272,40,0,NA,381,,Aerial
South,2004,2005,1,24,Elk,150,40,0,0,0,0,190,10,NA,NA,209,,Aerial
North,2005,2006,3,22,Elk,293,0,0,0,0,0,293,10,0,0,322,,Aerial
North,2005,2006,3,22,Moose,66,0,0,0,0,0,66,15,0,0,76,,Aerial
South,2005,2006,3,22,Moose,209,0,0,0,0,0,209,15,0,0,240,,Aerial
North,2005,2006,3,22,Bison,64,0,0,0,0,0,64,5,491,NA,558,,Aerial
North,2005,2006,3,22,Deer,56,0,0,0,0,0,56,40,0,NA,78,,Aerial
South,2005,NA,NA,NA,Bison,12,0,0,0,0,0,12,5,293,NA,306,,Aerial
South,2005,2006,3,22,Deer,83,0,0,0,0,0,83,40,0,NA,116,,Aerial
South,2005,2006,3,22,Elk,301,47,1,0,0,0,349,10,NA,NA,384,,Aerial
North,2006,2007,1,19,Elk,0,59,153,25,3,4,244,10,NA,NA,268,,Aerial
North,2006,2007,1,19,Moose,64,2,16,0,0,8,90,15,0,NA,104,,Aerial
North,2006,2007,1,19,Bison,0,52,0,0,0,0,52,5,493,NA,548,,Aerial
North,2006,2007,1,19,Deer,235,2,0,0,0,0,237,40,0,NA,332,,Aerial
South,2006,2006,12,13,Moose,34,40,108,0,0,14,196,15,0,NA,225,,Aerial
South,2006,2006,12,13,Bison,7,7,0,0,0,0,7,5,275,NA,282,,Aerial
South,2006,2006,12,13,Deer,18,19,44,16,0,1,98,40,0,NA,137,,Aerial
South,2006,2006,12,13,Elk,194,59,65,0,0,2,320,10,NA,NA,352,,Aerial
North,2007,2008,1,26,Elk,0,60,232,0,0,0,292,10,25,NA,345,25 bull elk relocated from south area to north area,Aerial
North,2007,2008,1,26,Moose,0,3,87,0,0,1,91,15,0,0,105,,Aerial
South,2007,2007,12,21,Moose,112,34,19,0,0,18,183,15,0,0,210,,Aerial
North,2007,2007,12,21,Bison,41,0,0,0,0,0,41,5,370,NA,413,,Aerial
South,2007,2007,12,21,Bison,5,0,0,0,0,0,5,5,310,NA,315,,Aerial
South,2007,2007,12,21,Deer,131,11,1,0,0,0,143,36,0,NA,195,,Aerial
North,2007,2008,1,26,Deer,178,1,0,0,0,0,179,20,0,NA,214,,Aerial
South,2007,2007,12,21,Elk,167,59,4,0,0,2,232,10,3,NA,258,3 elk were trapped during survey,Aerial
North,2008,2009,1,1,Elk,292,0,0,0,0,0,292,10,NA,NA,321,,Aerial
North,2008,2009,1,1,Moose,56,0,0,0,0,0,56,15,0,0,64,,Aerial
North,2008,2009,1,1,Bison,494,0,0,0,0,0,494,5,0,0,519,,Aerial
North,2008,2009,1,1,Deer,123,0,0,0,0,0,123,40,0,NA,172,,Aerial
South,2008,2009,1,1,Moose,188,0,0,0,0,0,188,15,0,0,216,,Aerial
South,2008,2009,1,1,Bison,281,0,0,0,0,0,281,5,0,0,295,,Aerial
South,2008,2009,1,1,Deer,60,0,0,0,0,0,60,40,0,NA,84,,Aerial
South,2008,2009,1,1,Elk,104,0,0,0,0,0,104,10,NA,NA,114,,Aerial
North,2009,2010,1,11,Elk,346,44,8,0,0,0,398,10,NA,NA,437,,Aerial
North,2009,2010,1,11,Moose,0,29,29,0,0,13,71,10,0,0,78,,Aerial
South,2009,2010,1,12,Moose,0,54,122,0,0,74,250,10,0,0,275,,Aerial
North,2009,2010,1,11,Bison,516,0,0,0,0,0,516,5,0,0,542,,Aerial
South,2009,2010,1,12,Bison,333,11,1,0,0,1,346,5,0,0,363,,Aerial
South,2009,2010,1,12,Deer,124,0,0,0,0,0,124,40,0,NA,174,,Aerial
North,2009,2010,1,11,Deer,120,0,0,0,0,0,120,40,0,NA,168,,Aerial
South,2009,2010,1,12,Elk,142,18,1,0,0,0,161,10,NA,NA,177,,Aerial
North,2010,2011,1,10,Elk,547,0,0,0,0,0,547,10,NA,NA,602,,Aerial
North,2010,2011,1,10,Bison,581,0,0,0,0,0,581,5,0,0,610,,Aerial
North,2010,2011,1,10,Moose,1,28,40,0,0,24,93,15,0,0,107,,Aerial
North,2010,2011,1,10,Deer,167,0,0,0,0,0,167,40,0,NA,234,,Aerial
South,2010,2011,1,11,Moose,0,61,143,0,0,86,290,15,0,0,334,,Aerial
South,2010,2011,1,11,Bison,337,0,0,0,0,0,337,5,0,0,354,,Aerial
South,2010,2011,1,11,Deer,157,0,0,0,0,0,157,40,0,NA,220,,Aerial
South,2010,2011,1,11,Elk,114,58,0,0,0,0,172,10,NA,NA,189,,Aerial
North,2011,2012,1,31,Elk,372,99,0,0,0,0,471,10,NA,0,518,,Aerial
North,2011,2012,1,31,Moose,93,0,0,0,0,0,93,15,0,0,107,,Aerial
North,2011,2012,1,31,Bison,79,0,0,0,0,0,79,5,585,0,668,,Aerial
North,2011,2012,1,31,Deer,20,0,0,0,0,0,20,40,0,NA,28,,Aerial
South,2011,2012,2,1,Moose,272,0,0,0,0,0,272,15,0,0,313,,Aerial
South,2011,2012,2,1,Bison,33,0,0,0,0,0,33,5,361,0,396,,Aerial
South,2011,2012,2,1,Deer,100,0,0,0,0,0,100,40,0,NA,140,,Aerial
South,2011,2012,2,1,Elk,111,45,0,0,0,0,156,10,NA,0,172,,Aerial
North,2012,2013,3,5,Elk,348,0,0,0,0,0,348,10,NA,NA,383,,Aerial
North,2012,2013,3,5,Moose,46,0,0,0,0,0,46,15,0,0,53,,Aerial
North,2012,2013,3,5,Bison,648,0,0,0,0,0,648,5,0,0,680,,Aerial
North,2012,2013,3,5,Deer,46,0,0,0,0,0,46,40,0,NA,64,,Aerial
South,2012,2013,3,4,Moose,216,0,0,0,0,0,216,15,0,0,248,,Aerial
South,2012,2013,3,4,Bison,12,0,0,0,0,0,12,5,276,0,289,,Aerial
South,2012,2013,3,4,Deer,14,0,0,0,0,0,14,40,0,NA,20,,Aerial
South,2012,2013,3,4,Elk,100,0,0,0,0,0,100,10,NA,59,169,59 elk trapped in South Aera,Aerial
North,2013,2013,11,29,Elk,65,93,164,0,0,3,325,10,0,0,358,,Aerial
North,2013,2013,11,29,Moose,0,20,17,0,0,0,37,15,0,0,43,,Aerial
North,2013,2013,11,29,Bison,713,3,0,0,0,68,784,0,0,0,784,"North area was flown over two days. Overestimation of bison may have occurred, no sightabilty correction factor applied. ",Aerial
North,2013,2013,11,29,Deer,4,4,34,0,0,0,42,40,0,0,59,,Aerial
South,2013,2013,11,29,Moose,10,53,99,0,0,19,181,15,0,0,208,,Aerial
South,2013,2013,11,30,Bison,354,1,0,0,0,22,377,5,0,0,396,,Aerial
South,2013,2013,11,29,Deer,44,4,37,1,0,2,44,40,0,0,62,,Aerial
South,2013,2013,11,30,Elk,22,35,26,0,0,2,85,10,0,0,94,,Aerial
North,2014,2014,12,1,Elk,6,135,260,0,0,71,472,10,0,0,519,,Aerial
North,2014,2014,12,1,Moose,0,17,25,1,0,5,48,15,0,0,55,,Aerial
North,2014,2014,12,1,Bison,470,2,0,0,0,0,472,5,0,0,496,,Aerial
North,2014,2014,12,1,Deer,23,3,2,0,0,0,28,40,0,0,39,,Aerial
South,2014,2014,12,2,Moose,69,61,57,0,0,51,238,15,0,0,274,,Aerial
South,2014,2014,12,2,Bison,462,0,0,0,0,0,462,5,0,0,485,,Aerial
South,2014,2014,12,2,Deer,24,0,0,0,0,0,24,40,0,0,34,,Aerial
South,2014,2014,12,2,Elk,1,45,54,0,0,18,118,10,0,0,130,,Aerial
North,2015,2016,1,11,Elk,280,88,52,0,0,75,495,10,0,0,545,,Aerial
North,2015,2016,1,11,Moose,21,13,8,0,0,10,52,15,0,0,60,,Aerial
North,2015,2016,1,11,Bison,103,0,17,0,0,7,127,5,498,0,631,,Aerial
South,2015,2016,1,8,Moose,79,20,47,0,0,54,200,15,0,0,230,,Aerial
South,2015,2016,1,8,Bison,269,0,0,0,0,0,269,5,0,0,282,,Aerial
South,2015,2016,1,8,Deer,35,0,0,0,0,0,35,40,0,NA,49,,Aerial
North,2015,2016,1,11,Deer,39,0,0,0,0,0,39,40,0,NA,39,,Aerial
South,2015,2016,1,8,Elk,70,31,14,0,0,7,122,10,0,0,134,,Aerial
North,2016,2017,1,12,Elk,490,91,30,0,0,0,611,10,0,0,672,,Aerial
North,2016,2017,1,12,Moose,30,8,0,0,0,0,38,15,0,0,44,,Aerial
South,2016,2017,1,13,Moose,171,8,23,0,0,22,224,15,0,0,258,,Aerial
South,2016,2017,1,13,Deer,42,0,0,0,0,0,42,40,0,NA,55,,Aerial
North,2016,2017,1,12,Bison,44,16,0,0,0,0,60,5,423,0,486,,Aerial
South,2016,2017,1,13,Bison,333,0,0,0,0,0,333,5,0,0,350,,Aerial
North,2016,2017,1,12,Deer,33,0,0,0,0,0,33,40,0,NA,46,,Aerial
South,2016,2017,1,13,Elk,103,12,0,0,0,0,115,10,0,0,127,,Aerial
South,2017,2017,11,23,Bison,398,1,0,0,0,0,399,5,0,0,419,,Aerial
North,2017,2018,3,7,Bison,530,0,1,,0,5,536,5,0,0,563,,Aerial
North,2017,2018,3,7,Deer,29,0,0,0,0,0,29,40,0,0,41,,Aerial
South,2017,2017,11,23,Deer,21,1,0,0,0,0,24,40,0,0,34,,Aerial
North,2017,2018,3,7,Elk,228,77,99,0,0,15,419,10,0,0,461,,Aerial
South,2017,2017,11,23,Elk,94,10,0,0,0,0,104,10,0,0,114,,Aerial
North,2017,2018,3,7,Moose,11,0,19,0,0,2,32,15,0,0,37,,Aerial
South,2017,2017,11,23,Moose,83,65,32,0,0,37,217,15,0,0,250,,Aerial
